Record ID,Record Type,Cluster/Niche,Post Title,Post URL,Primary Keyword,Search Intent,Content Status,Draft Start Date,Publish Date,Last Updated,Word Count,Affiliate Links Added,Amazon Products Featured,Disclosure Added,Internal Links Added,Pin Batch ID,Pin Title,Pin URL,Pin Design Angle,Pin Publish Date,Pinterest Board,Pin Status,Pinterest Impressions,Pinterest Saves,Pinterest Outbound Clicks,Pinterest CTR,Google Impressions,Google Clicks,Google CTR,Blog Sessions,Blog Pageviews,Avg Time on Page,Email Signups,Amazon Clicks,Amazon Ordered Items,Amazon Shipped Items,Amazon Revenue,Amazon Commission,Ad Network,Ad Sessions,Ad RPM,Ad Revenue,Other Affiliate Network,Other Affiliate Clicks,Other Affiliate Revenue,Total Revenue,Estimated Cost,Net Profit,Notes,Next Action
1,Example Content,Small Bedroom Decor,Small Bedroom Storage Ideas,,,,Idea,,,,,No,0,No,No,,,,,,,,,,,,,,,,,,,,,,,,,,,,,,,,,,Create outline and keyword research,
2,Example Pin,Small Bedroom Decor,Small Bedroom Storage Ideas,,,,,,,,,,,,PB-001,10 Small Bedroom Storage Ideas That Actually Save Space,,Search angle,,Small Bedroom Ideas,Draft,,,,,,,,,,,,,,,,,,,,,,,,Design first pin,,,,,
3,Example Monthly Summary,All,,,,,,,,,,,,,,,,,,,,,,,,,,,,,,,,,,,,Journey/AdSense,,,,,,,,Review traffic and revenue trends,,,,
4,Content,balcony-containers,Best Self-Watering Planters for Balconies,,best self-watering planters for balconies,buyer,Ready,2026-06-24,,2026-06-25,1560,Yes,4,Yes,Yes,,,,,,,,,,,,,,,,,,,,,,,,,,,,,,,,,,Editor-qa 2026-06-25: de-slop pass (39 dashes -> 0; removed false-contrast/full-stop fragments); stripped year from title (evergreen); fixed scaffold headings (Intro/Comparison table/Wrap-up); differentiated picks (replaced duplicate floor grow box with vertical tower); added 2nd [YOUR PHOTO]; railing load claim verified vs IBC. READY.,Fill [PERSONAL TIP]/[YOUR PHOTO]x2; replace #affiliate anchors with real tagged links; then /make-pins
5,Content,small-balcony-patio-ideas,Cozy Small Balcony Ideas: 18 Ways to Make It a Retreat,,cozy small balcony ideas,informational,Ready,2026-06-25,,2026-06-25,1180,Yes,4,Yes,Yes,,,,,,,,,,,,,,,,,,,,,,,,,,,,,,,,,,Editor-qa 2026-06-25: all hard gates PASS. Em-dash/en-dash/arrow/emoji counts all 0 in prose. De-slop: removed 'deep dive' (lighting link) and 'transform' (budget). No false-contrast/scaffold-leak/year-in-title issues. Boston fern non-toxic claim verified vs ASPCA. Disclosure above first affiliate link. 6 descriptive internal links. Meta desc 158 chars. 1 [PERSONAL TIP] + 4 [YOUR PHOTO] left for owner. #affiliate hrefs are placeholders. READY.,"Owner must: fill [PERSONAL TIP]; supply 4 [YOUR PHOTO]; replace #affiliate anchors with real {{AMAZON_TAG}} links; set {{BLOG_NAME}}/{{DOMAIN}}; then /make-pins | VALIDATED: PIN RETARGET to 'cozy balcony' 39,282 / 'cozy balcony aesthetic' 15,711 ('cozy small balcony ideas' has no interest)"
6,Content,small-balcony-patio-ideas,Small Balcony Ideas on a Budget: 20 Cheap Cozy Upgrades,,small balcony ideas on a budget,informational,Ready,2026-06-26,,2026-06-26,1700,Yes,3,Yes,Yes,,,,,,,,,,,,,,,,,,,,,,,,,,,,,,,,,,Content-writer 2026-06-26: drafted to informational skeleton; 20 budget ideas grouped by impact; spend-vs-save lead. Self de-slop pass: 0 em/en-dashes; 0 arrows; 0 emojis in prose; no false-contrast or scaffold-label leaks; no year in title. Morning glory seed toxicity verified vs ASPCA; dropped sweet-pea claim (ASPCA lists it non-toxic to cats/dogs). FTC + Amazon Associate disclosure sits above first affiliate link (#affiliate placeholders). 3 internal links. 1 [PERSONAL TIP] + 4 [YOUR PHOTO] left. Word count approx; awaiting monetization picks + editor-qa. Editor-qa 2026-06-26: all hard gates PASS. Em/en-dash/arrow/emoji=0 in prose (fixed 1 em-dash in meta desc). Removed banned 'cheapest' x2; split 1 over-35-word sentence; morning glory seed toxicity re-verified vs ASPCA; 5 distinct best-for picks; FTC+Associate disclosure above first affiliate link; 3 internal links; 4 [YOUR PHOTO]. Trimmed weakest FAQ + spend/save redundancy to ~1700w. Monetization block intact (no drop/dupe). status=ready.,"Owner: fill [PERSONAL TIP]; supply 4 [YOUR PHOTO]; replace #affiliate anchors with real {{AMAZON_TAG}} links; set {{BLOG_NAME}}/{{DOMAIN}}; then /make-pins | VALIDATED 'small balcony ideas on a budget' 2,695 (P1->P2)"
7,Content,small-balcony-patio-ideas,Small Balcony Decorating Ideas for Renters: 17 No-Drill Tricks,,small balcony decorating ideas for renters,informational,Ready,2026-06-26,,2026-06-26,1980,Yes,5,Yes,Yes,,,,,,,,,,,,,,,,,,,,,,,,,,,,,,,,,,"Content-writer + editor-qa 2026-06-26: renter post, spine = removable/no-damage/deposit-safe; 17 no-damage ideas. Editor-qa PASS all gates (0 em/en-dash/arrow/emoji in prose; no scaffold leak; no year in title). Fixes: title+H1 carry exact primary kw; meta em-dash to colon (151 chars); intro split; robotic symmetry varied. Monetization: 5 distinct no-drill best-for picks (tiles/planters/solar lights/screen/bistro set); FTC+Associate disclosure above first link; no prices. Plant claim hedged + ASPCA cite; lease/HOA hedged (not legal advice). 4 internal links. ~1980 words. 1 [PERSONAL TIP] + 4 [YOUR PHOTO] left.","READY. Owner: fill [PERSONAL TIP]; supply 4 [YOUR PHOTO]; replace 5 affiliate anchors with real {{AMAZON_TAG}} links; set {{BLOG_NAME}}/{{DOMAIN}}; then /make-pins. | VALIDATED 2026-06-26: renter framing has ZERO Pinterest interest -> Google-lean (P1->P3); PIN RETARGET to 'small balcony decor' (109773) / 'apartment balcony decorating' (69133), renter as on-page angle."
8,Content,small-balcony-patio-ideas,Small Balcony Makeover: 8 Before-and-After Transformations,,small balcony makeover before and after,informational,Ready,2026-06-26,,2026-06-26,1620,Yes,5,Yes,Yes,,,,,,,,,,,,,,,,,,,,,,,,,,,,,,,,,,Content-writer 2026-06-26: drafted to informational skeleton; spine = the 6-step makeover formula (declutter/floor/anchor seat/greenery-up/warm light/personal layer). Delivers all 8 DISTINCT before-and-after transformations (bare-concrete fix / cluttered-catchall reset / renter removable / budget glow-up / cozy nook / boho lounge / skinny-Juliet / shady north-facing) framed as copyable named LOOKS in instructional second person (NOT faked personal projects per content-quality honesty constraint). Primary keyword verbatim in first sentence + meta; close variant in H2 'What makes the biggest difference in a balcony before and after'. Specifics: 3-6ft depth + 24in walkway; polypropylene/recycled-PET rug vs interlocking tiles; 2700K warm light; performance/solution-dyed fabric weatherproofing. Boston fern non-toxic-to-pets cited to ASPCA (consistent w/ prior verification); other plants kept to light/shade-tolerance only. Self de-slop pass: 0 em/en-dashes; 0 arrows; 0 emojis in prose; removed 'not bare it is buried' false-contrast; varied before/after openers vs robotic symmetry; no scaffold-label leaks; no year in title. MONETIZATION marker + FTC/Associate disclosure ABOVE first affiliate slot (Wayfair high-AOV anchor seat lead + Amazon support pieces; no live links/prices in body). 4 internal links (pillar + budget + cozy + renter). 1 [PERSONAL TIP] + 5 [YOUR PHOTO] (one per pin angle: hero split / 8-grid / 6-step formula / budget split / renter split) left for owner. Word count approx; awaiting monetization picks + editor-qa. Editor-qa 2026-06-26: PASS all gates. Fixed Amazon-ToS 'cheapest'/'cheap' x4 (heading #4 'smart swaps high-end look'; 'budget pieces read as intentional'; photo brief 'styled on a budget'; monetization 'one of the simplest ways' replacing 'cheapest way to make a hard balcony feel like a room'). Verified: 0 em/en-dash/arrow/emoji in prose; 8 distinct transformations intact; 6 distinct Best-for picks (Wayfair bistro-set lead anchor + 5 Amazon support); FTC+Associate disclosure above first link; Boston fern ASPCA non-toxic re-verified; 5 [YOUR PHOTO] + 1 [PERSONAL TIP] left for owner; primary kw in title/first-sentence/meta + close variant in H2. status=ready.,"Owner/next: monetization-strategist fills MONETIZATION block (Wayfair seat lead + Amazon support; qualitative only); editor-qa pass; then fill 1 [PERSONAL TIP] + supply 5 [YOUR PHOTO]; set {{BLOG_NAME}}/{{DOMAIN}}/{{AMAZON_TAG}}; then /make-pins | VALIDATED: PIN RETARGET to 'balcony makeover' 12,590 ('...before and after' has no interest)"
9,Content,small-balcony-patio-ideas,Small Balcony Ideas: 30 Ways to Style a Tiny Outdoor Space,,small balcony ideas,informational,Ready,2026-06-26,,2026-06-26,2200,Yes,4,Yes,Yes,,,,,,,,,,,,,,,,,,,,,,,,,,,,,,,,,,Editor-qa 2026-06-26: PILLAR/HUB. All gates PASS (0 em/en-dash/arrow/emoji in prose; no scaffold leak; intro headless; no year). 30 ideas intact 1-30; 5/5 down-links (cozy/budget/renter/makeover/privacy-stub) with descriptive anchors; 4 distinct lean best-for picks routing to specialists; FTC+Associate disclosure above first link. Plant claim hedged + ASPCA cite; railing-load hedged (no number); mirror tip carries wind+sun caveat. Primary kw in title/first-100/meta; ~2200 words; 15+ internal links. 5 [YOUR PHOTO] + 1 [PERSONAL TIP] left.,READY. Owner: fill [PERSONAL TIP]; supply 5 [YOUR PHOTO]; replace 4 affiliate anchors with real {{AMAZON_TAG}}/Wayfair links; set {{BLOG_NAME}}/{{DOMAIN}}; link privacy child once written; then /make-pins. | VALIDATED 2026-06-26: PIN RETARGET to 'balcony ideas' (622109) / 'small balcony design' (168245) / 'balcony ideas apartment' (216125); 'small balcony ideas' has no Pinterest interest.
10,Content,small-balcony-patio-ideas,Boho Balcony Ideas: 15 Bohemian Looks for a Small Space,,boho balcony ideas,informational,Idea,,,,,,,,,,,,,,,,,,,,,,,,,,,,,,,,,,,,,,,,,,P2; style niche; evergreen,"P1 (VALIDATED 16,079 'boho balcony' vs 4,399 'boho balcony ideas'). Promoted P2->P1 - /new-post boho-balcony-ideas"
11,Content,small-balcony-patio-ideas,Apartment Patio Ideas: How to Style a Small Outdoor Space,,apartment patio ideas,informational,Idea,,,,,,,,,,,,,,,,,,,,,,,,,,,,,,,,,,,,,,,,,,P2; widens entity coverage; Wayfair high-AOV,"REFRAME to 'apartment balcony decorating' (69,133); 'apartment patio'/'patio' weak. P2 - /new-post apartment-balcony-decorating"
12,Content,small-balcony-patio-ideas,Balcony Privacy Ideas: 14 Renter-Friendly Ways to Feel Hidden,,balcony privacy ideas,informational,Ready,2026-06-26,,2026-06-26,1700,Yes,5,Yes,Yes,,,,,,,,,,,,,,,,,,,,,,,,,,,,,,,,,,Content-writer 2026-06-26: drafted to informational skeleton with strong buyer lean; spine = where you are exposed (side/front/above). Delivers all 14 distinct privacy solutions (curtains/blinds/folding screen/screen roll-netting/faux hedge/bamboo fence/trellis/tall plants/climber/rail grasses/hanging trailers/shade sail/parasol/private-pocket). Primary kw 'balcony privacy ideas' verbatim in title/H1/first-100/meta; close variant in H2 'balcony privacy plants' + buys H2 'Balcony privacy buys worth it'. Self de-slop pass: 0 em/en-dashes; 0 arrows; 0 emojis in prose; no false-contrast or scaffold-label leaks; no year in title. No-drill mounting specifics (tension rods/clamp brackets/zip-ties/weighted bases/clamp-vs-screw rail planters); wind-load hedge on freestanding screens + shade sails; lease/HOA hedged (not legal advice). Plants generic + hardiness-hedged; bamboo flagged for contained pot; pet-safety routed to ASPCA list (no toxicity assertion). MONETIZATION marker + FTC/Associate disclosure ABOVE first affiliate slot (Amazon + Wayfair; no live links/prices in body; picks pending specialist). 4 internal links (pillar/renter/budget/cozy). 1 [PERSONAL TIP] + 5 [YOUR PHOTO] (one per pin angle: private-corner hero / 14-grid / no-drill setup / exposed-to-private before-after / styled block-the-neighbors) left for owner. ~1700 words. EDITOR-QA 2026-06-26: PASS all gates; fixed 2x 'cheapest' (now lowest-cost / most budget-friendly); ASPCA URL verified live; 14 distinct solutions + side/front/above framework + above/below monetization block all intact; 0 em-dash/arrow/emoji in prose; 6 distinct best-for picks (lead = no-drill screen roll); status set Ready.,"READY for editor-qa + monetization-strategist (fill MONETIZATION picks block: distinct best-for screens/curtains/blinds/screen/faux hedge/bamboo/trellis/shade sail; Amazon + Wayfair; qualitative only). Owner: fill 1 [PERSONAL TIP]; supply 5 [YOUR PHOTO]; replace affiliate anchors with real {{AMAZON_TAG}}/Wayfair links; set {{BLOG_NAME}}/{{DOMAIN}}; then /make-pins. | VALIDATED 20,364 'balcony privacy ideas' (P1); closes pillar+renter stub links."
13,Content,small-balcony-patio-ideas,Small Balcony Lighting Ideas: 14 Ways to Set the Mood,,small balcony lighting ideas,informational,Idea,,,,,,,,,,,,,,,,,,,,,,,,,,,,,,,,,,,,,,,,,,P2; buyer-lean; off-season helper,"DEMOTE P3/fold into cozy+pillar - 'balcony lighting ideas' SV=0; only 'balcony string lights' 1,325"
14,Content,small-balcony-patio-ideas,Cozy Winter Balcony Ideas: Keep Your Outdoor Space Usable All Year,,cozy winter balcony ideas,informational,Idea,,,,,,,,,,,,,,,,,,,,,,,,,,,,,,,,,,,,,,,,,,P2 SEASONAL (fall/winter); off-season anchor; Wayfair heaters,"P2 seasonal (VALIDATED 'winter balcony' 4,013; publish ~Sept-Oct) - /new-post cozy-winter-balcony-ideas"
15,Content,small-balcony-patio-ideas,Fall Balcony Decor Ideas: 15 Cozy Autumn Touches,,fall balcony decor ideas,informational,Idea,,,,,,,,,,,,,,,,,,,,,,,,,,,,,,,,,,,,,,,,,,P3 SEASONAL (autumn); ride save wave,P3 seasonal thin (VALIDATED 'fall balcony' 969; publish ~early Aug)
16,Content,small-balcony-patio-ideas,Year-Round Small Balcony Ideas: Decor That Works in Every Season,,year round small balcony ideas,informational,Idea,,,,,,,,,,,,,,,,,,,,,,,,,,,,,,,,,,,,,,,,,,P3 evergreen; off-season hub collecting winter/fall,P3/optional - NO Pinterest interest (0) for 'year round balcony'; evergreen Google-only hub
17,Pin,small-balcony-patio-ideas,Cozy Small Balcony Ideas: 18 Ways to Make It a Retreat,,,,,,,,,,,,,PB-001,Cozy Small Balcony Ideas to Turn a Tiny Space Into a Warm Retreat,,Aesthetic/mood,2026-06-26,Cozy Balcony Decor,Draft,,,,,,,,,,,,,,,,,,,,,,,,,,,"Pin 1 of 5 (PB-001). Fresh AI image: dusk balcony, warm string lights, cushioned chair + throw, rail plants. 2:3 1000x1500. File: cozy-small-balcony-ideas-dusk-string-lights.jpg. Label AI on Pinterest (home decor GenAI opt-out).",Generate AI image; label AI; schedule via Pinterest native scheduler 2026-06-26 evening (~8-9PM)
18,Pin,small-balcony-patio-ideas,Cozy Small Balcony Ideas: 18 Ways to Make It a Retreat,,,,,,,,,,,,,PB-001,"18 Cozy Small Balcony Ideas: Seating, Lighting, Rugs and Plants",,List/number,2026-06-27,Small Balcony Ideas,Draft,,,,,,,,,,,,,,,,,,,,,,,,,,,"Pin 2 of 5 (PB-001). Fresh AI image: 2x3 grid of labeled vignettes (seat, rug, lights, planter, throw, lantern). 2:3 1000x1500. File: cozy-small-balcony-ideas-18-list-grid.jpg. Label AI on Pinterest.",Generate AI image; label AI; schedule via Pinterest native scheduler 2026-06-27 evening (~8-9PM)
19,Pin,small-balcony-patio-ideas,Cozy Small Balcony Ideas: 18 Ways to Make It a Retreat,,,,,,,,,,,,,PB-001,How to Make a Small Balcony Cozy: The 5-Layer Formula That Works,,Curiosity/formula,2026-06-28,Cozy Balcony Decor,Draft,,,,,,,,,,,,,,,,,,,,,,,,,,,"Pin 3 of 5 (PB-001). Fresh AI image: diagram-style 5 stacked layers (seat, rug, light, greenery, personal touch). 2:3 1000x1500. File: cozy-small-balcony-ideas-layering-formula.jpg. Label AI on Pinterest.",Generate AI image; label AI; schedule via Pinterest native scheduler 2026-06-28 evening (~8-9PM)
20,Pin,small-balcony-patio-ideas,Cozy Small Balcony Ideas: 18 Ways to Make It a Retreat,,,,,,,,,,,,,PB-001,Cozy Small Balcony Ideas on a Budget: Renter-Friendly and Simple,,Budget,2026-06-29,Budget Balcony Decor,Draft,,,,,,,,,,,,,,,,,,,,,,,,,,,"Pin 4 of 5 (PB-001). Fresh AI image: affordable corner, thrifted chair, single string-light strand, one throw, few plants. No prices. 2:3 1000x1500. File: cozy-small-balcony-ideas-budget-corner.jpg. Label AI on Pinterest.",Generate AI image; label AI; schedule via Pinterest native scheduler 2026-06-29 evening (~8-9PM)
21,Pin,small-balcony-patio-ideas,Cozy Small Balcony Ideas: 18 Ways to Make It a Retreat,,,,,,,,,,,,,PB-001,"How to Make a Small Balcony Cozy: Seating, Lighting and Soft Touches",,Search match,2026-06-30,Apartment Balcony Ideas,Draft,,,,,,,,,,,,,,,,,,,,,,,,,,,"Pin 5 of 5 (PB-001). Fresh AI image: mood nook framed differently from Pin 1 (top text band), bench + lumbar pillow, rug, rail lights. 2:3 1000x1500. File: cozy-small-balcony-ideas-apartment-nook.jpg. Label AI on Pinterest.",Generate AI image; label AI; schedule via Pinterest native scheduler 2026-06-30 evening (~8-9PM)
22,Pin,small-balcony-patio-ideas,Small Balcony Ideas on a Budget: 20 Cheap Cozy Upgrades,,,,,,,,,,,,,PB-002,Small Balcony Ideas on a Budget That Still Look Expensive,,Budget/hero,2026-07-01,Budget Balcony Decor,Draft,,,,,,,,,,,,,,,,,,,,,,,,,,,"Pin 1 of 5 (PB-002). Fresh AI image: styled-but-affordable balcony, outdoor rug over concrete, one string-light strand, thrifted chair + cushion, rail plants. 2:3 1000x1500. File: small-balcony-ideas-on-a-budget-hero-rug-lights.jpg. Label AI on Pinterest (home decor GenAI opt-out).",Generate AI image; label AI; schedule via Pinterest native scheduler 2026-07-01 evening (~8-9PM)
23,Pin,small-balcony-patio-ideas,Small Balcony Ideas on a Budget: 20 Cheap Cozy Upgrades,,,,,,,,,,,,,PB-002,"20 Cheap Balcony Ideas on a Budget: Rugs, Lights, Pots and Privacy",,List,2026-07-02,Small Balcony Ideas,Draft,,,,,,,,,,,,,,,,,,,,,,,,,,,"Pin 2 of 5 (PB-002). Fresh AI image: 2x3 labeled vignette grid (rug, solar lights, painted pots, crate table, fabric privacy, floor cushion); big '20'. 2:3 1000x1500. File: small-balcony-ideas-on-a-budget-20-list-grid.jpg. Label AI on Pinterest.",Generate AI image; label AI; schedule via Pinterest native scheduler 2026-07-02 evening (~8-9PM)
24,Pin,small-balcony-patio-ideas,Small Balcony Ideas on a Budget: 20 Cheap Cozy Upgrades,,,,,,,,,,,,,PB-002,Small Balcony on a Budget: Where to Spend and Where to Save,,Curiosity/spend-vs-save,2026-07-03,Cheap Balcony Ideas,Draft,,,,,,,,,,,,,,,,,,,,,,,,,,,"Pin 3 of 5 (PB-002). Fresh AI image: vertical spend/save split (left rug + lights, right foldable chair + painted pots + thrifted lantern). No prices. 2:3 1000x1500. File: small-balcony-ideas-on-a-budget-spend-vs-save.jpg. Label AI on Pinterest.",Generate AI image; label AI; schedule via Pinterest native scheduler 2026-07-03 evening (~8-9PM)
25,Pin,small-balcony-patio-ideas,Small Balcony Ideas on a Budget: 20 Cheap Cozy Upgrades,,,,,,,,,,,,,PB-002,Cheap DIY Balcony Decor on a Budget: Solar Lights and Painted Pots,,Product/DIY,2026-07-04,Balcony DIY Projects,Draft,,,,,,,,,,,,,,,,,,,,,,,,,,,"Pin 4 of 5 (PB-002). Fresh AI image: warm dusk corner, solar string lights, fairy-light jar, painted pots. 2:3 1000x1500. File: small-balcony-ideas-on-a-budget-diy-corner-dusk.jpg. Label AI on Pinterest.",Generate AI image; label AI; schedule via Pinterest native scheduler 2026-07-04 evening (~8-9PM)
26,Pin,small-balcony-patio-ideas,Small Balcony Ideas on a Budget: 20 Cheap Cozy Upgrades,,,,,,,,,,,,,PB-002,Small Balcony Makeover on a Budget: Before and After on a Rental Ledge,,Search-match/before-after,2026-07-05,Small Balcony Makeovers,Draft,,,,,,,,,,,,,,,,,,,,,,,,,,,"Pin 5 of 5 (PB-002). Fresh AI image: vertical before/after (top bare concrete, bottom styled budget makeover: rug, foldable chair, fabric privacy, pots, lights). 2:3 1000x1500. File: small-balcony-ideas-on-a-budget-before-after-makeover.jpg. Label AI on Pinterest.",Generate AI image; label AI; schedule via Pinterest native scheduler 2026-07-05 evening (~8-9PM)
27,Pin,small-balcony-patio-ideas,Small Balcony Decorating Ideas for Renters: 17 No-Drill Tricks,,,,,,,,,,,,,PB-003,Small Balcony Decorating Ideas for Renters With Zero Drilling,,Search/problem hero,2026-07-06,Renter Friendly Balcony Ideas,Draft,,,,,,,,,,,,,,,,,,,,,,,,,,,"Pin 1 of 5 (PB-003). Fresh AI image: styled rental balcony, nothing drilled. Outdoor rug, clamp-on rail planters, freestanding screen, foldable chair, solar lights resting on rail. 2:3 1000x1500. File: renter-friendly-balcony-ideas-no-drill-hero.jpg. Label AI on Pinterest (home decor GenAI opt-out).",Generate AI image; label AI; schedule via Pinterest native scheduler 2026-07-06 evening (~8-9PM)
28,Pin,small-balcony-patio-ideas,Small Balcony Decorating Ideas for Renters: 17 No-Drill Tricks,,,,,,,,,,,,,PB-003,"17 No-Drill Renter Balcony Ideas: Tiles, Clamp Planters and Lights",,List,2026-07-07,No Drill Balcony Ideas,Draft,,,,,,,,,,,,,,,,,,,,,,,,,,,"Pin 2 of 5 (PB-003). Fresh AI image: 2x3 labeled vignette grid (interlocking tiles, clamp-on planters, solar lights, tension-rod curtain, adhesive hooks, foldable chair); big '17'. No visible screws. 2:3 1000x1500. File: renter-friendly-balcony-ideas-17-no-damage-grid.jpg. Label AI on Pinterest.",Generate AI image; label AI; schedule via Pinterest native scheduler 2026-07-07 evening (~8-9PM)
29,Pin,small-balcony-patio-ideas,Small Balcony Decorating Ideas for Renters: 17 No-Drill Tricks,,,,,,,,,,,,,PB-003,How to Decorate a Rental Balcony Without Losing Your Deposit,,Curiosity,2026-07-08,Renter Friendly Decor,Draft,,,,,,,,,,,,,,,,,,,,,,,,,,,Pin 3 of 5 (PB-003). Fresh AI image: text-forward deposit-safe tease; blurred styled-removable corner strip + cream headline panel; 'no holes' badge. 2:3 1000x1500. File: renter-friendly-balcony-ideas-deposit-safe.jpg. Label AI on Pinterest.,Generate AI image; label AI; schedule via Pinterest native scheduler 2026-07-08 evening (~8-9PM)
30,Pin,small-balcony-patio-ideas,Small Balcony Decorating Ideas for Renters: 17 No-Drill Tricks,,,,,,,,,,,,,PB-003,Renter Balcony Before and After: A No-Drill Fully Removable Makeover,,Before/after,2026-07-09,Rental Balcony Makeovers,Draft,,,,,,,,,,,,,,,,,,,,,,,,,,,"Pin 4 of 5 (PB-003). Fresh AI image: vertical before/after (top bare concrete + blank rail, bottom same balcony styled with only removable pieces: tiles, rug, clamp planters, foldable chair, tension-rod curtain, solar lights); 'all removable' badge. 2:3 1000x1500. File: renter-friendly-balcony-ideas-before-after-removable.jpg. Label AI on Pinterest.",Generate AI image; label AI; schedule via Pinterest native scheduler 2026-07-09 evening (~8-9PM)
31,Pin,small-balcony-patio-ideas,Small Balcony Decorating Ideas for Renters: 17 No-Drill Tricks,,,,,,,,,,,,,PB-003,Renter Balcony Privacy Ideas With No Drilling and No Damage,,Product/privacy,2026-07-10,Renter Balcony Privacy,Draft,,,,,,,,,,,,,,,,,,,,,,,,,,,"Pin 5 of 5 (PB-003). Fresh AI image: no-drill privacy corner; freestanding folding screen, tension-rod curtain, tall clamp-on planter living screen, foldable chair. No drilled brackets. 2:3 1000x1500. File: renter-friendly-balcony-ideas-no-drill-privacy.jpg. Label AI on Pinterest.",Generate AI image; label AI; schedule via Pinterest native scheduler 2026-07-10 evening (~8-9PM)
32,Pin,small-balcony-patio-ideas,Small Balcony Makeover: 8 Before-and-After Transformations,,,,,,,,,,,,,PB-004,Small Balcony Makeover Before and After: From Bare Concrete to Cozy Nook,,Before/after hero,2026-07-11,Small Balcony Makeovers,Draft,,,,,,,,,,,,,,,,,,,,,,,,,,,"Pin 1 of 5 (PB-004). Fresh AI image: vertical before/after hero split, same balcony same perspective (top bare grey concrete, bottom styled: rug, anchor chair, warm string lights, plants). Honest/believable transformation per pinterest-policy. 2:3 1000x1500. File: small-balcony-makeover-before-and-after-hero-split.jpg. Label AI on Pinterest (home decor GenAI opt-out).",Generate AI image; label AI; schedule via Pinterest native scheduler 2026-07-11 evening (~8-9PM)
33,Pin,small-balcony-patio-ideas,Small Balcony Makeover: 8 Before-and-After Transformations,,,,,,,,,,,,,PB-004,8 Small Balcony Makeover Ideas: Before and After Transformations,,List,2026-07-12,Balcony Before and After,Draft,,,,,,,,,,,,,,,,,,,,,,,,,,,"Pin 2 of 5 (PB-004). Fresh AI image: 2x4 numbered grid of 8 mini before/after thumbnails across varied styles (boho, modern, plant, cozy); big '8'. Each cell same-balcony/same-perspective. 2:3 1000x1500. File: small-balcony-makeover-before-and-after-8-grid.jpg. Label AI on Pinterest.",Generate AI image; label AI; schedule via Pinterest native scheduler 2026-07-12 evening (~8-9PM)
34,Pin,small-balcony-patio-ideas,Small Balcony Makeover: 8 Before-and-After Transformations,,,,,,,,,,,,,PB-004,Small Balcony Makeover: The 6-Step Formula Behind Every Transformation,,Curiosity/formula,2026-07-13,Small Balcony Makeovers,Draft,,,,,,,,,,,,,,,,,,,,,,,,,,,"Pin 3 of 5 (PB-004). Fresh AI image: diagram-style 6 stacked labeled steps (declutter, floor, anchor seat, greenery, warm light, personal layer), numbered. 2:3 1000x1500. File: small-balcony-makeover-before-and-after-6-step-formula.jpg. Label AI on Pinterest.",Generate AI image; label AI; schedule via Pinterest native scheduler 2026-07-13 evening (~8-9PM)
35,Pin,small-balcony-patio-ideas,Small Balcony Makeover: 8 Before-and-After Transformations,,,,,,,,,,,,,PB-004,Small Balcony Makeover on a Budget: Before and After Glow Up for Less,,Budget/before-after,2026-07-14,Budget Balcony Decor,Draft,,,,,,,,,,,,,,,,,,,,,,,,,,,"Pin 4 of 5 (PB-004). Fresh AI image: budget before/after split (straight-on, distinct from Pin 1), same balcony; after = rug, foldable chair, solar lights, painted pots. Attainable, no prices. Cross-pins budget post. 2:3 1000x1500. File: small-balcony-makeover-before-and-after-budget-glow-up.jpg. Label AI on Pinterest.",Generate AI image; label AI; schedule via Pinterest native scheduler 2026-07-14 evening (~8-9PM)
36,Pin,small-balcony-patio-ideas,Small Balcony Makeover: 8 Before-and-After Transformations,,,,,,,,,,,,,PB-004,Rental Balcony Makeover Before and After: A No-Drill All-Removable Glow Up,,Search/renter before-after,2026-07-15,Rental Balcony Makeovers,Draft,,,,,,,,,,,,,,,,,,,,,,,,,,,"Pin 5 of 5 (PB-004). Fresh AI image: renter before/after split (lower eye-level, distinct), same balcony; after = deck tiles, rug, clamp-on planters, foldable chair, tension-rod curtain, solar lights; 'NO DRILL' badge. Cross-pins renter post. 2:3 1000x1500. File: small-balcony-makeover-before-and-after-renter-no-drill.jpg. Label AI on Pinterest.",Generate AI image; label AI; schedule via Pinterest native scheduler 2026-07-15 evening (~8-9PM)
37,Pin,small-balcony-patio-ideas,Small Balcony Ideas: 30 Ways to Style a Tiny Outdoor Space,,,,,,,,,,,,,PB-005,Small Balcony Ideas: 30 Ways to Style a Tiny Outdoor Space You'll Love,,Aesthetic hero,2026-07-16,Small Balcony Ideas,Draft,,,,,,,,,,,,,,,,,,,,,,,,,,,"Pin 1 of 5 (PB-005, PILLAR). Fresh AI image: aspirational dusk hero, fully styled balcony (rug, low cushioned chair + throw, layered plants, warm string-light swag). Flagship save-magnet. 2:3 1000x1500. File: small-balcony-patio-ideas-aesthetic-hero-dusk.jpg. Label AI on Pinterest (home decor GenAI opt-out).",Generate AI image; label AI; schedule via Pinterest native scheduler 2026-07-16 evening (~8-9PM)
38,Pin,small-balcony-patio-ideas,Small Balcony Ideas: 30 Ways to Style a Tiny Outdoor Space,,,,,,,,,,,,,PB-005,"30 Small Balcony Ideas: Seating, Lighting, Privacy, Plants and More",,List/30 grid,2026-07-17,Balcony Design Ideas,Draft,,,,,,,,,,,,,,,,,,,,,,,,,,,"Pin 2 of 5 (PB-005, PILLAR). Fresh AI image: 3x3 labeled vignette grid spanning seating/lighting/flooring/privacy/plants/styles; oversized '30'. Flagship list pin. 2:3 1000x1500. File: small-balcony-patio-ideas-30-list-grid.jpg. Label AI on Pinterest.",Generate AI image; label AI; schedule via Pinterest native scheduler 2026-07-17 evening (~8-9PM)
39,Pin,small-balcony-patio-ideas,Small Balcony Ideas: 30 Ways to Style a Tiny Outdoor Space,,,,,,,,,,,,,PB-005,Small Apartment Balcony Ideas: Easy Ways to Style a Tiny Rental Balcony,,Search match/apartment,2026-07-18,Apartment Balcony Ideas,Draft,,,,,,,,,,,,,,,,,,,,,,,,,,,"Pin 3 of 5 (PB-005, PILLAR). Fresh AI image: clean straight-on everyday apartment balcony (compact seat + cushion, rail planter, small rug, rail string lights); top text band. 2:3 1000x1500. File: small-balcony-patio-ideas-apartment-search.jpg. Label AI on Pinterest.",Generate AI image; label AI; schedule via Pinterest native scheduler 2026-07-18 evening (~8-9PM)
40,Pin,small-balcony-patio-ideas,Small Balcony Ideas: 30 Ways to Style a Tiny Outdoor Space,,,,,,,,,,,,,PB-005,"Small Balcony Design Ideas: Seating, Lighting, Privacy and Plants",,Category 4-panel,2026-07-19,Small Balcony Decor,Draft,,,,,,,,,,,,,,,,,,,,,,,,,,,"Pin 4 of 5 (PB-005, PILLAR). Fresh AI image: 2x2 quadrant (Seating / Lighting / Privacy / Plants), each a labeled vignette in one cohesive palette; center 'small balcony ideas' badge. 2:3 1000x1500. File: small-balcony-patio-ideas-category-quadrant.jpg. Label AI on Pinterest.",Generate AI image; label AI; schedule via Pinterest native scheduler 2026-07-19 evening (~8-9PM)
41,Pin,small-balcony-patio-ideas,Small Balcony Ideas: 30 Ways to Style a Tiny Outdoor Space,,,,,,,,,,,,,PB-005,How to Make a Tiny Balcony Look Bigger: Small Balcony Design Tricks,,Curiosity/look-bigger,2026-07-20,Tiny Balcony Inspiration,Draft,,,,,,,,,,,,,,,,,,,,,,,,,,,"Pin 5 of 5 (PB-005, PILLAR). Fresh AI image: bright airy balcony using look-bigger tricks (pale colors, low furniture, vertical plants, clear floor); crisp callout tags. 2:3 1000x1500. File: small-balcony-patio-ideas-look-bigger-tricks.jpg. Label AI on Pinterest.",Generate AI image; label AI; schedule via Pinterest native scheduler 2026-07-20 evening (~8-9PM)
42,Pin,small-balcony-patio-ideas,Balcony Privacy Ideas: 14 Renter-Friendly Ways to Feel Hidden,,,,,,,,,,,,,PB-006,Balcony Privacy Ideas: 14 Renter-Friendly Ways to Feel Hidden Outside,,Search/hero,2026-07-21,Balcony Privacy Ideas,Draft,,,,,,,,,,,,,,,,,,,,,,,,,,,"Pin 1 of 5 (PB-006). Archetype: Aesthetic Hero. Fresh AI image (Path B clean plate + Canva text): screened private corner, tension-rod curtain, slatted screen, rail plants; lower-third cream band. 2:3 1000x1500. File: balcony-privacy-ideas-for-apartments-hero-corner.jpg. Label AI on Pinterest (home decor GenAI opt-out).",Generate AI image; label AI; schedule via Pinterest native scheduler 2026-07-21 evening (~8-9PM)
43,Pin,small-balcony-patio-ideas,Balcony Privacy Ideas: 14 Renter-Friendly Ways to Feel Hidden,,,,,,,,,,,,,PB-006,"14 Balcony Privacy Ideas: Screens, Curtains, Plants and Blinds That Work",,List/number,2026-07-22,Apartment Balcony Ideas,Draft,,,,,,,,,,,,,,,,,,,,,,,,,,,"Pin 2 of 5 (PB-006). Archetype: Number/List Grid. Fresh AI image: 2x3 vignette grid (curtain, slatted screen, planter wall, bamboo blind, trellis, fabric cover) + oversized '14'. 2:3 1000x1500. File: balcony-privacy-ideas-for-apartments-14-grid.jpg. Label AI on Pinterest.",Generate AI image; label AI; schedule via Pinterest native scheduler 2026-07-22 evening (~8-9PM)
44,Pin,small-balcony-patio-ideas,Balcony Privacy Ideas: 14 Renter-Friendly Ways to Feel Hidden,,,,,,,,,,,,,PB-006,"No-Drill Balcony Privacy: Renter-Friendly Screens and Curtains, No Holes",,Renter/no-drill,2026-07-23,Renter Friendly Decor,Draft,,,,,,,,,,,,,,,,,,,,,,,,,,,Pin 3 of 5 (PB-006). Archetype: Text-Forward Tease. Fresh AI image: blurred removable-privacy strip (tension-rod curtain + clamp-on planters) over cream headline panel; 'NO HOLES' badge. Cross-pins renter post. 2:3 1000x1500. File: balcony-privacy-ideas-for-apartments-no-drill.jpg. Label AI on Pinterest.,Generate AI image; label AI; schedule via Pinterest native scheduler 2026-07-23 evening (~8-9PM)
45,Pin,small-balcony-patio-ideas,Balcony Privacy Ideas: 14 Renter-Friendly Ways to Feel Hidden,,,,,,,,,,,,,PB-006,Balcony Privacy Before and After: From Exposed Railing to a Private Nook,,Before/after,2026-07-24,Small Balcony Makeovers,Draft,,,,,,,,,,,,,,,,,,,,,,,,,,,"Pin 4 of 5 (PB-006). Archetype: Before/After Split. Fresh AI image: same balcony same angle, top exposed see-through railing, bottom screened (curtain + slatted screen + planter); seam banner. Honest transformation. 2:3 1000x1500. File: balcony-privacy-ideas-for-apartments-before-after.jpg. Label AI on Pinterest.",Generate AI image; label AI; schedule via Pinterest native scheduler 2026-07-24 evening (~8-9PM)
46,Pin,small-balcony-patio-ideas,Balcony Privacy Ideas: 14 Renter-Friendly Ways to Feel Hidden,,,,,,,,,,,,,PB-006,"How to Block Your Balcony From Neighbors: Side, Front and Above",,Product/curiosity,2026-07-25,Apartment Balcony Ideas,Draft,,,,,,,,,,,,,,,,,,,,,,,,,,,"Pin 5 of 5 (PB-006). Archetype: Comparison Split. Fresh AI image: 3 labeled sections SIDE (screen/curtain), FRONT (planter wall + blind), ABOVE (shade sail). Teases side/front/above framework. 2:3 1000x1500. File: balcony-privacy-ideas-for-apartments-side-front-above.jpg. Label AI on Pinterest.",Generate AI image; label AI; schedule via Pinterest native scheduler 2026-07-25 evening (~8-9PM)
